{"cameraMode":{"drawMode":0,"name":"Shaded","section":"Shading Mode"},"sceneLighting":true,"audioPlay":false,"sceneViewState":{"m_AlwaysRefresh":false,"showFog":true,"showSkybox":true,"showFlares":true,"showImageEffects":true,"showParticleSystems":true,"showVisualEffectGraphs":true,"m_FxEnabled":true},"in2DMode":false,"pivot":{"x":14.385160446166993,"y":8.171192169189454,"z":-16.95709800720215},"rotation":{"x":0.14683601260185243,"y":-0.18372589349746705,"z":0.027765141800045968,"w":0.9715523719787598},"size":13.680546760559082,"orthographic":true}